,zpid,detailUrl,price,address,addressStreet,addressCity,addressState,addressZipcode,zestimate,Year,Jan,Feb,Mar,Apr,May,Jun,Jul,Aug,Sep,Oct,Nov,Dec,Neighborhood
1290,13356533,https://www.zillow.com/homedetails/835-S-Washington-St-Denver-CO-80209/13356533_zpid/,514900.0,"835 S Washington Street, Denver, CO 80209",835 S Washington Street,Denver,CO,80209,514903.0,2022.0,452800.0,462200.0,486100.0,492600.0,494700.0,492800.0,480600.0,478100.0,514900.0,514900.0,512200.00000000006,0.0,Washington Park West
1291,13356533,https://www.zillow.com/homedetails/835-S-Washington-St-Denver-CO-80209/13356533_zpid/,514900.0,"835 S Washington Street, Denver, CO 80209",835 S Washington Street,Denver,CO,80209,514903.0,2021.0,417400.0,420200.0,420900.0,445700.0,457300.0,457200.0,453200.0,444400.0,435500.0,437400.0,439200.0,442300.0,Washington Park West
1292,13356533,https://www.zillow.com/homedetails/835-S-Washington-St-Denver-CO-80209/13356533_zpid/,514900.0,"835 S Washington Street, Denver, CO 80209",835 S Washington Street,Denver,CO,80209,514903.0,2020.0,389100.0,389900.0,390900.0,392200.0,392400.0,397600.0,407100.0,401200.0,410000.0,412900.0,397900.0,414000.0,Washington Park West
1293,13356533,https://www.zillow.com/homedetails/835-S-Washington-St-Denver-CO-80209/13356533_zpid/,514900.0,"835 S Washington Street, Denver, CO 80209",835 S Washington Street,Denver,CO,80209,514903.0,2019.0,385500.0,387200.0,380000.0,377800.0,381100.0,387400.0,381800.0,380100.0,383500.0,381700.0,383400.0,385700.0,Washington Park West
1294,13356533,https://www.zillow.com/homedetails/835-S-Washington-St-Denver-CO-80209/13356533_zpid/,514900.0,"835 S Washington Street, Denver, CO 80209",835 S Washington Street,Denver,CO,80209,514903.0,2018.0,377800.0,375300.0,376000.0,372600.0,374800.0,377300.0,379800.0,383300.0,381300.0,379400.0,381900.0,389700.0,Washington Park West
1295,13356533,https://www.zillow.com/homedetails/835-S-Washington-St-Denver-CO-80209/13356533_zpid/,514900.0,"835 S Washington Street, Denver, CO 80209",835 S Washington Street,Denver,CO,80209,514903.0,2017.0,351900.0,360300.0,359300.0,366400.0,366900.0,368300.0,359600.0,357500.0,365400.0,360900.0,361200.0,373100.0,Washington Park West
1296,13356533,https://www.zillow.com/homedetails/835-S-Washington-St-Denver-CO-80209/13356533_zpid/,514900.0,"835 S Washington Street, Denver, CO 80209",835 S Washington Street,Denver,CO,80209,514903.0,2016.0,326100.0,328200.0,334000.0,335600.0,342100.0,345700.0,348700.0,350700.0,348800.0,352300.0,353900.0,363500.0,Washington Park West
1297,13356533,https://www.zillow.com/homedetails/835-S-Washington-St-Denver-CO-80209/13356533_zpid/,514900.0,"835 S Washington Street, Denver, CO 80209",835 S Washington Street,Denver,CO,80209,514903.0,2015.0,261000.0,257400.0,262800.0,263100.0,293700.0,300000.0,306900.0,306800.0,310200.0,314900.0,320100.0,321500.0,Washington Park West
1298,13356533,https://www.zillow.com/homedetails/835-S-Washington-St-Denver-CO-80209/13356533_zpid/,514900.0,"835 S Washington Street, Denver, CO 80209",835 S Washington Street,Denver,CO,80209,514903.0,2014.0,264400.0,275300.0,279000.0,272900.0,270600.0,257300.0,256600.00000000003,271900.0,272500.0,275500.0,268000.0,277400.0,Washington Park West
1299,13356533,https://www.zillow.com/homedetails/835-S-Washington-St-Denver-CO-80209/13356533_zpid/,514900.0,"835 S Washington Street, Denver, CO 80209",835 S Washington Street,Denver,CO,80209,514903.0,2013.0,221600.0,218000.0,217300.0,218600.0,232700.0,238500.0,248200.0,238400.0,246000.0,261700.0,267400.0,270600.0,Washington Park West
2570,13355287,https://www.zillow.com/homedetails/335-S-Pennsylvania-St-Denver-CO-80209/13355287_zpid/,980000.0,"335 S Pennsylvania Street, Denver, CO 80209",335 S Pennsylvania Street,Denver,CO,80209,939772.0,2022.0,944700.0,954000.0,1300000.0,1100000.0,959500.0,967200.0,966800.0,957900.0,974700.0,972500.0,944600.0,0.0,Washington Park West
2571,13355287,https://www.zillow.com/homedetails/335-S-Pennsylvania-St-Denver-CO-80209/13355287_zpid/,980000.0,"335 S Pennsylvania Street, Denver, CO 80209",335 S Pennsylvania Street,Denver,CO,80209,939772.0,2021.0,932500.0,947700.0,957600.0,1000000.0,1000000.0,1000000.0,986300.0,954400.0,936000.0,941600.0,940700.0,935800.0,Washington Park West
2572,13355287,https://www.zillow.com/homedetails/335-S-Pennsylvania-St-Denver-CO-80209/13355287_zpid/,980000.0,"335 S Pennsylvania Street, Denver, CO 80209",335 S Pennsylvania Street,Denver,CO,80209,939772.0,2020.0,831100.0,837100.0,845400.0,857100.0,864900.0,866900.0,870000.0,887100.0,899800.0,907200.0,918000.0,925700.0,Washington Park West
2573,13355287,https://www.zillow.com/homedetails/335-S-Pennsylvania-St-Denver-CO-80209/13355287_zpid/,980000.0,"335 S Pennsylvania Street, Denver, CO 80209",335 S Pennsylvania Street,Denver,CO,80209,939772.0,2019.0,723600.0,724300.0,720900.0,739600.0,739600.0,733500.0,727100.0,727300.0,826000.0,812100.0,801600.0,820000.0,Washington Park West
2574,13355287,https://www.zillow.com/homedetails/335-S-Pennsylvania-St-Denver-CO-80209/13355287_zpid/,980000.0,"335 S Pennsylvania Street, Denver, CO 80209",335 S Pennsylvania Street,Denver,CO,80209,939772.0,2018.0,625300.0,639200.0,701400.0,706100.0,701400.0,699000.0,717600.0,727400.0,725500.0,721300.0,709100.0,721900.0,Washington Park West
2575,13355287,https://www.zillow.com/homedetails/335-S-Pennsylvania-St-Denver-CO-80209/13355287_zpid/,980000.0,"335 S Pennsylvania Street, Denver, CO 80209",335 S Pennsylvania Street,Denver,CO,80209,939772.0,2017.0,610300.0,621800.0,624700.0,620200.0,624600.0,622400.0,622000.0,623100.0,636400.0,625400.0,636600.0,631700.0,Washington Park West
2576,13355287,https://www.zillow.com/homedetails/335-S-Pennsylvania-St-Denver-CO-80209/13355287_zpid/,980000.0,"335 S Pennsylvania Street, Denver, CO 80209",335 S Pennsylvania Street,Denver,CO,80209,939772.0,2016.0,598500.0,603700.0,619800.0,604400.0,623700.0,636700.0,636700.0,636500.0,633700.0,632500.0,634500.0,627300.0,Washington Park West
2577,13355287,https://www.zillow.com/homedetails/335-S-Pennsylvania-St-Denver-CO-80209/13355287_zpid/,980000.0,"335 S Pennsylvania Street, Denver, CO 80209",335 S Pennsylvania Street,Denver,CO,80209,939772.0,2015.0,508200.0,514600.0,536900.0,544700.0,535700.0,538100.0,546700.0,546500.0,552600.0,570500.0,582800.0,590800.0,Washington Park West
2578,13355287,https://www.zillow.com/homedetails/335-S-Pennsylvania-St-Denver-CO-80209/13355287_zpid/,980000.0,"335 S Pennsylvania Street, Denver, CO 80209",335 S Pennsylvania Street,Denver,CO,80209,939772.0,2014.0,481400.0,479600.0,492500.0,498300.0,511400.0,522100.0,494200.0,494500.0,494000.0,483600.0,514600.0,521900.0,Washington Park West
2579,13355287,https://www.zillow.com/homedetails/335-S-Pennsylvania-St-Denver-CO-80209/13355287_zpid/,980000.0,"335 S Pennsylvania Street, Denver, CO 80209",335 S Pennsylvania Street,Denver,CO,80209,939772.0,2013.0,453200.0,460300.0,477900.0,496300.0,511400.0,505700.0,491500.0,488200.0,480300.0,474500.0,469700.0,480800.0,Washington Park West
2650,13355550,https://www.zillow.com/homedetails/462-S-Pennsylvania-St-Denver-CO-80209/13355550_zpid/,2250000.0,"462 S Pennsylvania Street, Denver, CO 80209",462 S Pennsylvania Street,Denver,CO,80209,2215384.0,2022.0,730400.0,739300.0,780800.0,791600.0,786900.0,757400.0,730900.0,716500.0,709600.0,2200000.0,2200000.0,0.0,Washington Park West
2651,13355550,https://www.zillow.com/homedetails/462-S-Pennsylvania-St-Denver-CO-80209/13355550_zpid/,2250000.0,"462 S Pennsylvania Street, Denver, CO 80209",462 S Pennsylvania Street,Denver,CO,80209,2215384.0,2021.0,619600.0,628900.0,618500.0,644900.0,658000.0,686600.0,697500.0,690300.0,692400.0,701500.0,696900.0,706300.0,Washington Park West
2652,13355550,https://www.zillow.com/homedetails/462-S-Pennsylvania-St-Denver-CO-80209/13355550_zpid/,2250000.0,"462 S Pennsylvania Street, Denver, CO 80209",462 S Pennsylvania Street,Denver,CO,80209,2215384.0,2020.0,520900.0,522000.0,532500.0,541400.0,545500.0,547400.0,556700.0,558600.0,570200.0,578600.0,585000.0,589300.0,Washington Park West
2653,13355550,https://www.zillow.com/homedetails/462-S-Pennsylvania-St-Denver-CO-80209/13355550_zpid/,2250000.0,"462 S Pennsylvania Street, Denver, CO 80209",462 S Pennsylvania Street,Denver,CO,80209,2215384.0,2019.0,541800.0,528100.0,532200.0,530700.0,523500.0,518100.0,515700.00000000006,516100.0,525000.0,519300.0,518400.0,517900.0,Washington Park West
2654,13355550,https://www.zillow.com/homedetails/462-S-Pennsylvania-St-Denver-CO-80209/13355550_zpid/,2250000.0,"462 S Pennsylvania Street, Denver, CO 80209",462 S Pennsylvania Street,Denver,CO,80209,2215384.0,2018.0,506500.0,497400.0,548300.0,544300.0,539800.0,552100.0,532200.0,522600.0,518400.0,532200.0,534900.0,544100.0,Washington Park West
2655,13355550,https://www.zillow.com/homedetails/462-S-Pennsylvania-St-Denver-CO-80209/13355550_zpid/,2250000.0,"462 S Pennsylvania Street, Denver, CO 80209",462 S Pennsylvania Street,Denver,CO,80209,2215384.0,2017.0,471500.0,476200.0,481300.0,483300.0,485200.0,487700.0,486600.0,500600.0,516700.00000000006,524500.0,518900.0,520500.0,Washington Park West
2656,13355550,https://www.zillow.com/homedetails/462-S-Pennsylvania-St-Denver-CO-80209/13355550_zpid/,2250000.0,"462 S Pennsylvania Street, Denver, CO 80209",462 S Pennsylvania Street,Denver,CO,80209,2215384.0,2016.0,441000.0,445700.0,441500.0,443800.0,446000.0,452400.0,455700.0,457800.0,452600.0,455100.0,460700.0,461200.0,Washington Park West
2657,13355550,https://www.zillow.com/homedetails/462-S-Pennsylvania-St-Denver-CO-80209/13355550_zpid/,2250000.0,"462 S Pennsylvania Street, Denver, CO 80209",462 S Pennsylvania Street,Denver,CO,80209,2215384.0,2015.0,384300.0,395800.0,408400.0,410800.0,418000.0,418300.0,424900.0,423500.0,433000.0,433800.0,438000.0,439300.0,Washington Park West
2658,13355550,https://www.zillow.com/homedetails/462-S-Pennsylvania-St-Denver-CO-80209/13355550_zpid/,2250000.0,"462 S Pennsylvania Street, Denver, CO 80209",462 S Pennsylvania Street,Denver,CO,80209,2215384.0,2014.0,359300.0,355400.0,368700.0,390000.0,391200.0,388400.0,386700.0,391600.0,386700.0,393200.0,425600.0,429100.0,Washington Park West
2659,13355550,https://www.zillow.com/homedetails/462-S-Pennsylvania-St-Denver-CO-80209/13355550_zpid/,2250000.0,"462 S Pennsylvania Street, Denver, CO 80209",462 S Pennsylvania Street,Denver,CO,80209,2215384.0,2013.0,315200.0,322800.0,336300.0,344800.0,371600.0,371400.0,366800.0,358600.0,361800.0,366600.0,360200.0,363100.0,Washington Park West
3520,121236572,https://www.zillow.com/homedetails/1188-S-Clarkson-St-Denver-CO-80210/121236572_zpid/,2397000.0,"1188 S Clarkson Street, Denver, CO 80210",1188 S Clarkson Street,Denver,CO,80210,2317978.0,2022.0,2000000.0,2000000.0,2200000.0,2200000.0,2200000.0,2200000.0,2800000.0,2500000.0,2500000.0,2300000.0,2300000.0,0.0,Washington Park West
3521,121236572,https://www.zillow.com/homedetails/1188-S-Clarkson-St-Denver-CO-80210/121236572_zpid/,2397000.0,"1188 S Clarkson Street, Denver, CO 80210",1188 S Clarkson Street,Denver,CO,80210,2317978.0,2021.0,963700.0,1000000.0,1000000.0,1000000.0,1100000.0,1500000.0,1700000.0,1800000.0,1900000.0,1900000.0,1900000.0,1900000.0,Washington Park West
3522,121236572,https://www.zillow.com/homedetails/1188-S-Clarkson-St-Denver-CO-80210/121236572_zpid/,2397000.0,"1188 S Clarkson Street, Denver, CO 80210",1188 S Clarkson Street,Denver,CO,80210,2317978.0,2020.0,1700000.0,1700000.0,1700000.0,1700000.0,1700000.0,1700000.0,1700000.0,1700000.0,1100000.0,990000.0,953700.0,949600.0,Washington Park West
3523,121236572,https://www.zillow.com/homedetails/1188-S-Clarkson-St-Denver-CO-80210/121236572_zpid/,2397000.0,"1188 S Clarkson Street, Denver, CO 80210",1188 S Clarkson Street,Denver,CO,80210,2317978.0,2019.0,1400000.0,1400000.0,1400000.0,1400000.0,1400000.0,1400000.0,1400000.0,1400000.0,1700000.0,1700000.0,1700000.0,1700000.0,Washington Park West
3524,121236572,https://www.zillow.com/homedetails/1188-S-Clarkson-St-Denver-CO-80210/121236572_zpid/,2397000.0,"1188 S Clarkson Street, Denver, CO 80210",1188 S Clarkson Street,Denver,CO,80210,2317978.0,2018.0,1500000.0,1500000.0,1500000.0,1600000.0,1600000.0,1600000.0,1500000.0,1500000.0,1500000.0,1500000.0,1500000.0,1500000.0,Washington Park West
3525,121236572,https://www.zillow.com/homedetails/1188-S-Clarkson-St-Denver-CO-80210/121236572_zpid/,2397000.0,"1188 S Clarkson Street, Denver, CO 80210",1188 S Clarkson Street,Denver,CO,80210,2317978.0,2017.0,1400000.0,1400000.0,1400000.0,1400000.0,1500000.0,1500000.0,1500000.0,1500000.0,1500000.0,1500000.0,1500000.0,1500000.0,Washington Park West
3526,121236572,https://www.zillow.com/homedetails/1188-S-Clarkson-St-Denver-CO-80210/121236572_zpid/,2397000.0,"1188 S Clarkson Street, Denver, CO 80210",1188 S Clarkson Street,Denver,CO,80210,2317978.0,2016.0,1300000.0,1300000.0,1300000.0,1300000.0,1300000.0,1300000.0,1300000.0,1300000.0,1300000.0,1300000.0,1400000.0,1400000.0,Washington Park West
3527,121236572,https://www.zillow.com/homedetails/1188-S-Clarkson-St-Denver-CO-80210/121236572_zpid/,2397000.0,"1188 S Clarkson Street, Denver, CO 80210",1188 S Clarkson Street,Denver,CO,80210,2317978.0,2015.0,731800.0,716300.0,734700.0,751300.0,884500.0,903500.0,1200000.0,1200000.0,1200000.0,1200000.0,1200000.0,1300000.0,Washington Park West
3528,121236572,https://www.zillow.com/homedetails/1188-S-Clarkson-St-Denver-CO-80210/121236572_zpid/,2397000.0,"1188 S Clarkson Street, Denver, CO 80210",1188 S Clarkson Street,Denver,CO,80210,2317978.0,2014.0,0.0,0.0,0.0,0.0,0.0,0.0,0.0,0.0,0.0,0.0,0.0,0.0,Washington Park West
3529,121236572,https://www.zillow.com/homedetails/1188-S-Clarkson-St-Denver-CO-80210/121236572_zpid/,2397000.0,"1188 S Clarkson Street, Denver, CO 80210",1188 S Clarkson Street,Denver,CO,80210,2317978.0,2013.0,0.0,0.0,0.0,0.0,0.0,0.0,0.0,0.0,0.0,0.0,0.0,0.0,Washington Park West
3740,109686127,https://www.zillow.com/homedetails/594-S-Grant-St-Denver-CO-80209/109686127_zpid/,1495000.0,"594 S Grant Street, Denver, CO 80209",594 S Grant Street,Denver,CO,80209,1173500.0,2022.0,1000000.0,1100000.0,1200000.0,1200000.0,1200000.0,1200000.0,1200000.0,1200000.0,1200000.0,1200000.0,1500000.0,0.0,Washington Park West
3741,109686127,https://www.zillow.com/homedetails/594-S-Grant-St-Denver-CO-80209/109686127_zpid/,1495000.0,"594 S Grant Street, Denver, CO 80209",594 S Grant Street,Denver,CO,80209,1173500.0,2021.0,778900.0,784900.0,997700.0,1000000.0,964300.0,958200.0,998800.0,1000000.0,1000000.0,1000000.0,1000000.0,1000000.0,Washington Park West
3742,109686127,https://www.zillow.com/homedetails/594-S-Grant-St-Denver-CO-80209/109686127_zpid/,1495000.0,"594 S Grant Street, Denver, CO 80209",594 S Grant Street,Denver,CO,80209,1173500.0,2020.0,688700.0,696300.0,700200.0,703400.0,699800.0,698000.0,698700.0,703700.0,713000.0,762600.0,757600.0,767700.0,Washington Park West
3743,109686127,https://www.zillow.com/homedetails/594-S-Grant-St-Denver-CO-80209/109686127_zpid/,1495000.0,"594 S Grant Street, Denver, CO 80209",594 S Grant Street,Denver,CO,80209,1173500.0,2019.0,706800.0,711300.0,713700.0,721800.0,719700.0,720900.0,718000.0,724400.0,675900.0,682100.0,681700.0,679100.0,Washington Park West
3744,109686127,https://www.zillow.com/homedetails/594-S-Grant-St-Denver-CO-80209/109686127_zpid/,1495000.0,"594 S Grant Street, Denver, CO 80209",594 S Grant Street,Denver,CO,80209,1173500.0,2018.0,643100.0,648300.0,694200.0,697600.0,691900.0,682900.0,700300.0,699800.0,694200.0,686400.0,683300.0,709400.0,Washington Park West
3745,109686127,https://www.zillow.com/homedetails/594-S-Grant-St-Denver-CO-80209/109686127_zpid/,1495000.0,"594 S Grant Street, Denver, CO 80209",594 S Grant Street,Denver,CO,80209,1173500.0,2017.0,626600.0,631600.0,624200.0,638400.0,641700.0,642400.0,644400.0,640900.0,640200.0,644800.0,648800.0,642600.0,Washington Park West
3746,109686127,https://www.zillow.com/homedetails/594-S-Grant-St-Denver-CO-80209/109686127_zpid/,1495000.0,"594 S Grant Street, Denver, CO 80209",594 S Grant Street,Denver,CO,80209,1173500.0,2016.0,578100.0,584900.0,593200.0,592200.0,584300.0,591300.0,621100.0,637000.0,644100.0,636400.0,622300.0,652600.0,Washington Park West
3747,109686127,https://www.zillow.com/homedetails/594-S-Grant-St-Denver-CO-80209/109686127_zpid/,1495000.0,"594 S Grant Street, Denver, CO 80209",594 S Grant Street,Denver,CO,80209,1173500.0,2015.0,485500.0,494500.0,504900.0,500400.0,543500.0,550500.0,543900.0,563200.0,564000.0,577200.0,576800.0,571500.0,Washington Park West
3748,109686127,https://www.zillow.com/homedetails/594-S-Grant-St-Denver-CO-80209/109686127_zpid/,1495000.0,"594 S Grant Street, Denver, CO 80209",594 S Grant Street,Denver,CO,80209,1173500.0,2014.0,475500.0,469100.0,471100.0,487000.0,497800.0,485400.0,497400.0,483200.0,484500.0,478900.0,480000.0,489000.0,Washington Park West
3749,109686127,https://www.zillow.com/homedetails/594-S-Grant-St-Denver-CO-80209/109686127_zpid/,1495000.0,"594 S Grant Street, Denver, CO 80209",594 S Grant Street,Denver,CO,80209,1173500.0,2013.0,435200.0,441300.0,445800.0,459200.0,447500.0,469600.0,482400.0,490400.0,488000.0,488800.0,473700.0,467700.0,Washington Park West
4540,58294078,https://www.zillow.com/homedetails/819-S-Lincoln-St-Denver-CO-80209/58294078_zpid/,299000.0,"819 S Lincoln Street, Denver, CO 80209",819 S Lincoln Street,Denver,CO,80209,292355.0,2022.0,363500.0,369300.0,399800.0,414500.0,409900.0,397700.0,374600.0,329900.0,300000.0,294000.0,292900.0,0.0,Washington Park West
4541,58294078,https://www.zillow.com/homedetails/819-S-Lincoln-St-Denver-CO-80209/58294078_zpid/,299000.0,"819 S Lincoln Street, Denver, CO 80209",819 S Lincoln Street,Denver,CO,80209,292355.0,2021.0,385000.0,388600.0,387200.0,402500.0,414900.0,382900.0,362700.0,354000.0,351000.0,352900.0,354900.0,357500.0,Washington Park West
4542,58294078,https://www.zillow.com/homedetails/819-S-Lincoln-St-Denver-CO-80209/58294078_zpid/,299000.0,"819 S Lincoln Street, Denver, CO 80209",819 S Lincoln Street,Denver,CO,80209,292355.0,2020.0,333000.0,343400.0,348500.0,347900.0,344100.0,348700.0,347700.0,348500.0,348500.0,353200.0,372600.0,382000.0,Washington Park West
4543,58294078,https://www.zillow.com/homedetails/819-S-Lincoln-St-Denver-CO-80209/58294078_zpid/,299000.0,"819 S Lincoln Street, Denver, CO 80209",819 S Lincoln Street,Denver,CO,80209,292355.0,2019.0,333400.0,334400.0,331800.0,328100.0,317800.0,315300.0,316600.0,314200.0,345000.0,340700.0,337400.0,338000.0,Washington Park West
4544,58294078,https://www.zillow.com/homedetails/819-S-Lincoln-St-Denver-CO-80209/58294078_zpid/,299000.0,"819 S Lincoln Street, Denver, CO 80209",819 S Lincoln Street,Denver,CO,80209,292355.0,2018.0,293100.0,299200.0,310100.0,307100.0,313300.0,316700.0,317800.0,315400.0,317600.0,320900.0,323900.0,328700.0,Washington Park West
4545,58294078,https://www.zillow.com/homedetails/819-S-Lincoln-St-Denver-CO-80209/58294078_zpid/,299000.0,"819 S Lincoln Street, Denver, CO 80209",819 S Lincoln Street,Denver,CO,80209,292355.0,2017.0,267100.0,265000.0,274700.0,278000.0,288300.0,286500.0,287600.0,290900.0,299100.0,297200.0,299400.0,288900.0,Washington Park West
4546,58294078,https://www.zillow.com/homedetails/819-S-Lincoln-St-Denver-CO-80209/58294078_zpid/,299000.0,"819 S Lincoln Street, Denver, CO 80209",819 S Lincoln Street,Denver,CO,80209,292355.0,2016.0,244200.0,247800.0,249700.0,259700.0,270700.0,269800.0,277100.0,280500.0,281700.0,290300.0,287300.0,293700.0,Washington Park West
4547,58294078,https://www.zillow.com/homedetails/819-S-Lincoln-St-Denver-CO-80209/58294078_zpid/,299000.0,"819 S Lincoln Street, Denver, CO 80209",819 S Lincoln Street,Denver,CO,80209,292355.0,2015.0,214600.0,216000.0,218400.0,213100.0,214500.0,210700.0,218600.0,220600.0,220100.0,231600.0,236100.0,241300.0,Washington Park West
4548,58294078,https://www.zillow.com/homedetails/819-S-Lincoln-St-Denver-CO-80209/58294078_zpid/,299000.0,"819 S Lincoln Street, Denver, CO 80209",819 S Lincoln Street,Denver,CO,80209,292355.0,2014.0,189400.0,194200.0,196300.0,200300.0,200600.0,200500.0,207300.0,207300.0,196100.0,206700.0,211900.0,216400.0,Washington Park West
4549,58294078,https://www.zillow.com/homedetails/819-S-Lincoln-St-Denver-CO-80209/58294078_zpid/,299000.0,"819 S Lincoln Street, Denver, CO 80209",819 S Lincoln Street,Denver,CO,80209,292355.0,2013.0,188900.0,187800.0,190000.0,192500.0,120500.0,119900.0,187100.0,196700.0,203200.0,195100.0,193300.0,188800.0,Washington Park West
4650,13370632,https://www.zillow.com/homedetails/1135-S-Emerson-St-Denver-CO-80210/13370632_zpid/,1925000.0,"1135 S Emerson Street, Denver, CO 80210",1135 S Emerson Street,Denver,CO,80210,1878614.0,2022.0,1600000.0,1700000.0,1800000.0,1800000.0,1900000.0,1900000.0,1900000.0,1800000.0,2000000.0,1900000.0,1900000.0,0.0,Washington Park West
4651,13370632,https://www.zillow.com/homedetails/1135-S-Emerson-St-Denver-CO-80210/13370632_zpid/,1925000.0,"1135 S Emerson Street, Denver, CO 80210",1135 S Emerson Street,Denver,CO,80210,1878614.0,2021.0,1600000.0,1600000.0,1600000.0,1700000.0,1700000.0,1600000.0,1600000.0,1500000.0,1500000.0,1600000.0,1600000.0,1600000.0,Washington Park West
4652,13370632,https://www.zillow.com/homedetails/1135-S-Emerson-St-Denver-CO-80210/13370632_zpid/,1925000.0,"1135 S Emerson Street, Denver, CO 80210",1135 S Emerson Street,Denver,CO,80210,1878614.0,2020.0,1500000.0,1500000.0,1500000.0,1500000.0,1500000.0,1500000.0,1500000.0,1500000.0,1500000.0,1500000.0,1500000.0,1600000.0,Washington Park West
4653,13370632,https://www.zillow.com/homedetails/1135-S-Emerson-St-Denver-CO-80210/13370632_zpid/,1925000.0,"1135 S Emerson Street, Denver, CO 80210",1135 S Emerson Street,Denver,CO,80210,1878614.0,2019.0,1500000.0,1500000.0,1500000.0,1500000.0,1500000.0,1400000.0,1500000.0,1400000.0,1500000.0,1500000.0,1500000.0,1500000.0,Washington Park West
4654,13370632,https://www.zillow.com/homedetails/1135-S-Emerson-St-Denver-CO-80210/13370632_zpid/,1925000.0,"1135 S Emerson Street, Denver, CO 80210",1135 S Emerson Street,Denver,CO,80210,1878614.0,2018.0,1200000.0,1200000.0,1500000.0,1500000.0,1500000.0,1500000.0,1500000.0,1500000.0,1500000.0,1500000.0,1500000.0,1500000.0,Washington Park West
4655,13370632,https://www.zillow.com/homedetails/1135-S-Emerson-St-Denver-CO-80210/13370632_zpid/,1925000.0,"1135 S Emerson Street, Denver, CO 80210",1135 S Emerson Street,Denver,CO,80210,1878614.0,2017.0,1200000.0,1200000.0,1300000.0,1300000.0,1200000.0,1200000.0,1200000.0,1200000.0,1200000.0,1200000.0,1200000.0,1200000.0,Washington Park West
4656,13370632,https://www.zillow.com/homedetails/1135-S-Emerson-St-Denver-CO-80210/13370632_zpid/,1925000.0,"1135 S Emerson Street, Denver, CO 80210",1135 S Emerson Street,Denver,CO,80210,1878614.0,2016.0,1100000.0,1100000.0,1100000.0,1100000.0,1100000.0,1200000.0,1200000.0,1200000.0,1200000.0,1200000.0,1200000.0,1200000.0,Washington Park West
4657,13370632,https://www.zillow.com/homedetails/1135-S-Emerson-St-Denver-CO-80210/13370632_zpid/,1925000.0,"1135 S Emerson Street, Denver, CO 80210",1135 S Emerson Street,Denver,CO,80210,1878614.0,2015.0,917400.0,912400.0,908300.0,926700.0,1000000.0,1000000.0,998800.0,1000000.0,1100000.0,1100000.0,1100000.0,1100000.0,Washington Park West
4658,13370632,https://www.zillow.com/homedetails/1135-S-Emerson-St-Denver-CO-80210/13370632_zpid/,1925000.0,"1135 S Emerson Street, Denver, CO 80210",1135 S Emerson Street,Denver,CO,80210,1878614.0,2014.0,811400.0,824700.0,832400.0,861800.0,863700.0,850200.0,853100.0,876800.0,898800.0,885400.0,848800.0,833000.0,Washington Park West
4659,13370632,https://www.zillow.com/homedetails/1135-S-Emerson-St-Denver-CO-80210/13370632_zpid/,1925000.0,"1135 S Emerson Street, Denver, CO 80210",1135 S Emerson Street,Denver,CO,80210,1878614.0,2013.0,816900.0,856300.0,847300.0,877600.0,832000.0,816700.0,828200.0,828900.0,805300.0,820300.0,836800.0,817100.0,Washington Park West
4670,13352990,https://www.zillow.com/homedetails/445-S-Emerson-St-Denver-CO-80209/13352990_zpid/,1199999.0,"445 S Emerson Street, Denver, CO 80209",445 S Emerson Street,Denver,CO,80209,1200000.0,2022.0,1200000.0,1200000.0,1300000.0,1300000.0,1300000.0,1300000.0,1200000.0,1200000.0,1300000.0,1200000.0,1200000.0,0.0,Washington Park West
4671,13352990,https://www.zillow.com/homedetails/445-S-Emerson-St-Denver-CO-80209/13352990_zpid/,1199999.0,"445 S Emerson Street, Denver, CO 80209",445 S Emerson Street,Denver,CO,80209,1200000.0,2021.0,1000000.0,1000000.0,1000000.0,1000000.0,1100000.0,1100000.0,1100000.0,1100000.0,1100000.0,1100000.0,1100000.0,1200000.0,Washington Park West
4672,13352990,https://www.zillow.com/homedetails/445-S-Emerson-St-Denver-CO-80209/13352990_zpid/,1199999.0,"445 S Emerson Street, Denver, CO 80209",445 S Emerson Street,Denver,CO,80209,1200000.0,2020.0,781500.0,986000.0,951800.0,954000.0,956000.0,963300.0,959900.0,957700.0,965800.0,983100.0,999400.0,1000000.0,Washington Park West
4673,13352990,https://www.zillow.com/homedetails/445-S-Emerson-St-Denver-CO-80209/13352990_zpid/,1199999.0,"445 S Emerson Street, Denver, CO 80209",445 S Emerson Street,Denver,CO,80209,1200000.0,2019.0,882100.0,879500.0,877400.0,883200.0,877500.0,879900.0,879200.0,883100.0,884800.0,870600.0,841100.0,814200.0,Washington Park West
4674,13352990,https://www.zillow.com/homedetails/445-S-Emerson-St-Denver-CO-80209/13352990_zpid/,1199999.0,"445 S Emerson Street, Denver, CO 80209",445 S Emerson Street,Denver,CO,80209,1200000.0,2018.0,816700.0,822800.0,835400.0,849300.0,856400.0,855900.0,860900.0,862900.0,870800.0,875000.0,876700.0,883100.0,Washington Park West
4675,13352990,https://www.zillow.com/homedetails/445-S-Emerson-St-Denver-CO-80209/13352990_zpid/,1199999.0,"445 S Emerson Street, Denver, CO 80209",445 S Emerson Street,Denver,CO,80209,1200000.0,2017.0,755400.0,766300.0,780800.0,781900.0,787900.0,791400.0,791500.0,789500.0,794900.0,797100.0,803300.0,810800.0,Washington Park West
4676,13352990,https://www.zillow.com/homedetails/445-S-Emerson-St-Denver-CO-80209/13352990_zpid/,1199999.0,"445 S Emerson Street, Denver, CO 80209",445 S Emerson Street,Denver,CO,80209,1200000.0,2016.0,729100.0,738900.0,737000.0,745000.0,746800.0,755600.0,758600.0,763600.0,735000.0,735900.0,740900.0,745800.0,Washington Park West
4677,13352990,https://www.zillow.com/homedetails/445-S-Emerson-St-Denver-CO-80209/13352990_zpid/,1199999.0,"445 S Emerson Street, Denver, CO 80209",445 S Emerson Street,Denver,CO,80209,1200000.0,2015.0,640700.0,653200.0,658100.0,663000.0,665700.0,669400.0,682900.0,691200.0,696900.0,705800.0,712000.0,717100.0,Washington Park West
4678,13352990,https://www.zillow.com/homedetails/445-S-Emerson-St-Denver-CO-80209/13352990_zpid/,1199999.0,"445 S Emerson Street, Denver, CO 80209",445 S Emerson Street,Denver,CO,80209,1200000.0,2014.0,549600.0,548800.0,541700.0,560000.0,580800.0,576600.0,563200.0,566500.0,599000.0,599000.0,627500.0,632900.0,Washington Park West
4679,13352990,https://www.zillow.com/homedetails/445-S-Emerson-St-Denver-CO-80209/13352990_zpid/,1199999.0,"445 S Emerson Street, Denver, CO 80209",445 S Emerson Street,Denver,CO,80209,1200000.0,2013.0,513400.0,513800.0,528000.0,543000.0,535100.0,539500.0,539300.0,542400.0,546100.0,544900.0,546700.0,550100.0,Washington Park West
5270,13355505,https://www.zillow.com/homedetails/485-S-Logan-St-APT-10-Denver-CO-80209/13355505_zpid/,265000.0,"485 S Logan Street  Unit 10, Denver, CO 80209",485 S Logan Street  Unit 10,Denver,CO,80209,265000.0,2022.0,0.0,0.0,0.0,0.0,0.0,0.0,0.0,270800.0,276900.0,264900.0,265000.0,0.0,Washington Park West
5271,13355505,https://www.zillow.com/homedetails/485-S-Logan-St-APT-10-Denver-CO-80209/13355505_zpid/,265000.0,"485 S Logan Street  Unit 10, Denver, CO 80209",485 S Logan Street  Unit 10,Denver,CO,80209,265000.0,2021.0,0.0,0.0,0.0,0.0,0.0,0.0,0.0,0.0,0.0,0.0,0.0,0.0,Washington Park West
5272,13355505,https://www.zillow.com/homedetails/485-S-Logan-St-APT-10-Denver-CO-80209/13355505_zpid/,265000.0,"485 S Logan Street  Unit 10, Denver, CO 80209",485 S Logan Street  Unit 10,Denver,CO,80209,265000.0,2020.0,0.0,0.0,0.0,0.0,0.0,0.0,0.0,0.0,250400.0,0.0,0.0,0.0,Washington Park West
5273,13355505,https://www.zillow.com/homedetails/485-S-Logan-St-APT-10-Denver-CO-80209/13355505_zpid/,265000.0,"485 S Logan Street  Unit 10, Denver, CO 80209",485 S Logan Street  Unit 10,Denver,CO,80209,265000.0,2019.0,0.0,0.0,0.0,0.0,0.0,0.0,0.0,0.0,0.0,0.0,0.0,0.0,Washington Park West
5274,13355505,https://www.zillow.com/homedetails/485-S-Logan-St-APT-10-Denver-CO-80209/13355505_zpid/,265000.0,"485 S Logan Street  Unit 10, Denver, CO 80209",485 S Logan Street  Unit 10,Denver,CO,80209,265000.0,2018.0,0.0,0.0,0.0,0.0,0.0,0.0,0.0,0.0,0.0,0.0,0.0,0.0,Washington Park West
5275,13355505,https://www.zillow.com/homedetails/485-S-Logan-St-APT-10-Denver-CO-80209/13355505_zpid/,265000.0,"485 S Logan Street  Unit 10, Denver, CO 80209",485 S Logan Street  Unit 10,Denver,CO,80209,265000.0,2017.0,0.0,0.0,0.0,0.0,0.0,0.0,0.0,0.0,0.0,0.0,0.0,0.0,Washington Park West
5276,13355505,https://www.zillow.com/homedetails/485-S-Logan-St-APT-10-Denver-CO-80209/13355505_zpid/,265000.0,"485 S Logan Street  Unit 10, Denver, CO 80209",485 S Logan Street  Unit 10,Denver,CO,80209,265000.0,2016.0,0.0,0.0,0.0,0.0,0.0,0.0,0.0,0.0,0.0,0.0,0.0,0.0,Washington Park West
5277,13355505,https://www.zillow.com/homedetails/485-S-Logan-St-APT-10-Denver-CO-80209/13355505_zpid/,265000.0,"485 S Logan Street  Unit 10, Denver, CO 80209",485 S Logan Street  Unit 10,Denver,CO,80209,265000.0,2015.0,0.0,0.0,0.0,0.0,0.0,0.0,0.0,0.0,0.0,0.0,0.0,0.0,Washington Park West
5278,13355505,https://www.zillow.com/homedetails/485-S-Logan-St-APT-10-Denver-CO-80209/13355505_zpid/,265000.0,"485 S Logan Street  Unit 10, Denver, CO 80209",485 S Logan Street  Unit 10,Denver,CO,80209,265000.0,2014.0,0.0,0.0,0.0,0.0,0.0,0.0,0.0,0.0,0.0,0.0,0.0,0.0,Washington Park West
5279,13355505,https://www.zillow.com/homedetails/485-S-Logan-St-APT-10-Denver-CO-80209/13355505_zpid/,265000.0,"485 S Logan Street  Unit 10, Denver, CO 80209",485 S Logan Street  Unit 10,Denver,CO,80209,265000.0,2013.0,0.0,0.0,0.0,0.0,0.0,0.0,0.0,0.0,0.0,0.0,0.0,0.0,Washington Park West
5520,13356717,https://www.zillow.com/homedetails/1076-S-Pearl-St-Denver-CO-80209/13356717_zpid/,855000.0,"1076 S Pearl Street, Denver, CO 80209",1076 S Pearl Street,Denver,CO,80209,839454.0,2022.0,745500.0,756600.0,839200.0,872600.0,886600.0,869600.0,835900.0,802700.0,935000.0,850100.0,842700.0,0.0,Washington Park West
5521,13356717,https://www.zillow.com/homedetails/1076-S-Pearl-St-Denver-CO-80209/13356717_zpid/,855000.0,"1076 S Pearl Street, Denver, CO 80209",1076 S Pearl Street,Denver,CO,80209,839454.0,2021.0,703900.0,709600.0,726900.0,774100.0,805900.0,792400.0,773900.0,746800.0,732400.0,729400.0,726100.0,728900.0,Washington Park West
5522,13356717,https://www.zillow.com/homedetails/1076-S-Pearl-St-Denver-CO-80209/13356717_zpid/,855000.0,"1076 S Pearl Street, Denver, CO 80209",1076 S Pearl Street,Denver,CO,80209,839454.0,2020.0,622900.0,624700.0,628200.0,629100.0,630700.0,643500.0,656300.0,660500.0,672500.0,673500.0,682000.0,693400.0,Washington Park West
5523,13356717,https://www.zillow.com/homedetails/1076-S-Pearl-St-Denver-CO-80209/13356717_zpid/,855000.0,"1076 S Pearl Street, Denver, CO 80209",1076 S Pearl Street,Denver,CO,80209,839454.0,2019.0,640400.0,624200.0,625500.0,628100.0,625700.0,617400.0,610500.0,610800.0,608800.0,613800.0,613000.0,617500.0,Washington Park West
5524,13356717,https://www.zillow.com/homedetails/1076-S-Pearl-St-Denver-CO-80209/13356717_zpid/,855000.0,"1076 S Pearl Street, Denver, CO 80209",1076 S Pearl Street,Denver,CO,80209,839454.0,2018.0,607000.0,614600.0,630200.0,615900.0,624900.0,634600.0,639100.0,635900.0,646800.0,645300.0,646600.0,646700.0,Washington Park West
5525,13356717,https://www.zillow.com/homedetails/1076-S-Pearl-St-Denver-CO-80209/13356717_zpid/,855000.0,"1076 S Pearl Street, Denver, CO 80209",1076 S Pearl Street,Denver,CO,80209,839454.0,2017.0,534600.0,540200.0,550300.0,547300.0,548900.0,558700.0,561100.0,564200.0,617600.0,610500.0,621800.0,626900.0,Washington Park West
5526,13356717,https://www.zillow.com/homedetails/1076-S-Pearl-St-Denver-CO-80209/13356717_zpid/,855000.0,"1076 S Pearl Street, Denver, CO 80209",1076 S Pearl Street,Denver,CO,80209,839454.0,2016.0,554900.0,556200.0,563200.0,563400.0,557700.0,558600.0,553200.0,550900.0,557300.0,532900.0,535900.0,538400.0,Washington Park West
5527,13356717,https://www.zillow.com/homedetails/1076-S-Pearl-St-Denver-CO-80209/13356717_zpid/,855000.0,"1076 S Pearl Street, Denver, CO 80209",1076 S Pearl Street,Denver,CO,80209,839454.0,2015.0,465600.0,479300.0,486800.0,503000.0,501400.0,504600.0,511800.0,515700.00000000006,524100.0,542000.0,557100.0,559200.0,Washington Park West
5528,13356717,https://www.zillow.com/homedetails/1076-S-Pearl-St-Denver-CO-80209/13356717_zpid/,855000.0,"1076 S Pearl Street, Denver, CO 80209",1076 S Pearl Street,Denver,CO,80209,839454.0,2014.0,435000.0,438600.0,441400.0,451000.0,448700.0,453000.0,448000.0,455500.0,451700.0,465800.0,462600.0,469200.0,Washington Park West
5529,13356717,https://www.zillow.com/homedetails/1076-S-Pearl-St-Denver-CO-80209/13356717_zpid/,855000.0,"1076 S Pearl Street, Denver, CO 80209",1076 S Pearl Street,Denver,CO,80209,839454.0,2013.0,421800.0,425200.0,428900.0,441200.0,434100.0,441800.0,463700.0,448600.0,465400.0,442100.0,433800.0,434000.0,Washington Park West
7110,13355935,https://www.zillow.com/homedetails/131-E-Exposition-Ave-Denver-CO-80209/13355935_zpid/,359000.0,"131 E Exposition Avenue, Denver, CO 80209",131 E Exposition Avenue,Denver,CO,80209,354855.0,2022.0,0.0,0.0,0.0,0.0,0.0,0.0,0.0,0.0,0.0,355000.0,358400.0,0.0,Washington Park West
7111,13355935,https://www.zillow.com/homedetails/131-E-Exposition-Ave-Denver-CO-80209/13355935_zpid/,359000.0,"131 E Exposition Avenue, Denver, CO 80209",131 E Exposition Avenue,Denver,CO,80209,354855.0,2021.0,0.0,0.0,0.0,0.0,0.0,0.0,0.0,0.0,0.0,0.0,0.0,0.0,Washington Park West
7112,13355935,https://www.zillow.com/homedetails/131-E-Exposition-Ave-Denver-CO-80209/13355935_zpid/,359000.0,"131 E Exposition Avenue, Denver, CO 80209",131 E Exposition Avenue,Denver,CO,80209,354855.0,2020.0,0.0,0.0,0.0,0.0,0.0,0.0,0.0,0.0,327700.0,330600.0,0.0,0.0,Washington Park West
7113,13355935,https://www.zillow.com/homedetails/131-E-Exposition-Ave-Denver-CO-80209/13355935_zpid/,359000.0,"131 E Exposition Avenue, Denver, CO 80209",131 E Exposition Avenue,Denver,CO,80209,354855.0,2019.0,0.0,0.0,0.0,0.0,0.0,0.0,0.0,0.0,0.0,0.0,0.0,0.0,Washington Park West
7114,13355935,https://www.zillow.com/homedetails/131-E-Exposition-Ave-Denver-CO-80209/13355935_zpid/,359000.0,"131 E Exposition Avenue, Denver, CO 80209",131 E Exposition Avenue,Denver,CO,80209,354855.0,2018.0,0.0,0.0,0.0,0.0,0.0,0.0,0.0,0.0,0.0,0.0,0.0,0.0,Washington Park West
7115,13355935,https://www.zillow.com/homedetails/131-E-Exposition-Ave-Denver-CO-80209/13355935_zpid/,359000.0,"131 E Exposition Avenue, Denver, CO 80209",131 E Exposition Avenue,Denver,CO,80209,354855.0,2017.0,0.0,0.0,0.0,0.0,0.0,0.0,0.0,0.0,0.0,0.0,0.0,0.0,Washington Park West
7116,13355935,https://www.zillow.com/homedetails/131-E-Exposition-Ave-Denver-CO-80209/13355935_zpid/,359000.0,"131 E Exposition Avenue, Denver, CO 80209",131 E Exposition Avenue,Denver,CO,80209,354855.0,2016.0,0.0,0.0,0.0,0.0,0.0,0.0,0.0,0.0,0.0,0.0,0.0,0.0,Washington Park West
7117,13355935,https://www.zillow.com/homedetails/131-E-Exposition-Ave-Denver-CO-80209/13355935_zpid/,359000.0,"131 E Exposition Avenue, Denver, CO 80209",131 E Exposition Avenue,Denver,CO,80209,354855.0,2015.0,0.0,0.0,0.0,0.0,0.0,0.0,0.0,0.0,0.0,0.0,0.0,0.0,Washington Park West
7118,13355935,https://www.zillow.com/homedetails/131-E-Exposition-Ave-Denver-CO-80209/13355935_zpid/,359000.0,"131 E Exposition Avenue, Denver, CO 80209",131 E Exposition Avenue,Denver,CO,80209,354855.0,2014.0,0.0,0.0,0.0,0.0,0.0,0.0,0.0,0.0,0.0,0.0,0.0,0.0,Washington Park West
7119,13355935,https://www.zillow.com/homedetails/131-E-Exposition-Ave-Denver-CO-80209/13355935_zpid/,359000.0,"131 E Exposition Avenue, Denver, CO 80209",131 E Exposition Avenue,Denver,CO,80209,354855.0,2013.0,0.0,0.0,0.0,0.0,0.0,0.0,0.0,0.0,0.0,0.0,0.0,0.0,Washington Park West
7250,130267415,https://www.zillow.com/homedetails/491-S-Lincoln-St-Denver-CO-80209/130267415_zpid/,540000.0,"491 S Lincoln Street, Denver, CO 80209",491 S Lincoln Street,Denver,CO,80209,531360.0,2022.0,676100.0,689000.0,777800.0,821400.0,797100.0,760200.0,726300.0,638300.0,654800.0,531000.0,540000.0,0.0,Washington Park West
7251,130267415,https://www.zillow.com/homedetails/491-S-Lincoln-St-Denver-CO-80209/130267415_zpid/,540000.0,"491 S Lincoln Street, Denver, CO 80209",491 S Lincoln Street,Denver,CO,80209,531360.0,2021.0,669100.0,683800.0,683900.0,717200.0,725700.0,707700.0,690100.0,671600.0,660400.0,668100.0,666600.0,671600.0,Washington Park West
7252,130267415,https://www.zillow.com/homedetails/491-S-Lincoln-St-Denver-CO-80209/130267415_zpid/,540000.0,"491 S Lincoln Street, Denver, CO 80209",491 S Lincoln Street,Denver,CO,80209,531360.0,2020.0,615900.0,622400.0,640700.0,660100.0,648900.0,644700.0,633800.0,629200.0,638200.0,634600.0,643800.0,652100.0,Washington Park West
7253,130267415,https://www.zillow.com/homedetails/491-S-Lincoln-St-Denver-CO-80209/130267415_zpid/,540000.0,"491 S Lincoln Street, Denver, CO 80209",491 S Lincoln Street,Denver,CO,80209,531360.0,2019.0,625500.0,622500.0,634100.0,627000.0,632700.0,646300.0,635300.0,619700.0,612800.0,613300.0,615000.0,615000.0,Washington Park West
7254,130267415,https://www.zillow.com/homedetails/491-S-Lincoln-St-Denver-CO-80209/130267415_zpid/,540000.0,"491 S Lincoln Street, Denver, CO 80209",491 S Lincoln Street,Denver,CO,80209,531360.0,2018.0,514500.0,517700.00000000006,581100.0,596900.0,605300.0,621100.0,623900.0,623100.0,630700.0,626800.0,624000.0,622700.0,Washington Park West
7255,130267415,https://www.zillow.com/homedetails/491-S-Lincoln-St-Denver-CO-80209/130267415_zpid/,540000.0,"491 S Lincoln Street, Denver, CO 80209",491 S Lincoln Street,Denver,CO,80209,531360.0,2017.0,467600.0,480900.0,498200.0,493500.0,500500.0,499100.0,491200.0,508200.0,523100.0,522400.0,522700.00000000006,525400.0,Washington Park West
7256,130267415,https://www.zillow.com/homedetails/491-S-Lincoln-St-Denver-CO-80209/130267415_zpid/,540000.0,"491 S Lincoln Street, Denver, CO 80209",491 S Lincoln Street,Denver,CO,80209,531360.0,2016.0,458500.0,457200.0,468200.0,469400.0,493600.0,484500.0,498900.0,475100.0,472400.0,469400.0,470800.0,461600.0,Washington Park West
7257,130267415,https://www.zillow.com/homedetails/491-S-Lincoln-St-Denver-CO-80209/130267415_zpid/,540000.0,"491 S Lincoln Street, Denver, CO 80209",491 S Lincoln Street,Denver,CO,80209,531360.0,2015.0,474000.0,456100.0,454800.0,460800.0,405900.0,404800.0,414000.0,417800.0,425600.0,429600.0,439000.0,450700.0,Washington Park West
7258,130267415,https://www.zillow.com/homedetails/491-S-Lincoln-St-Denver-CO-80209/130267415_zpid/,540000.0,"491 S Lincoln Street, Denver, CO 80209",491 S Lincoln Street,Denver,CO,80209,531360.0,2014.0,0.0,0.0,0.0,0.0,0.0,0.0,0.0,0.0,0.0,0.0,0.0,0.0,Washington Park West
7259,130267415,https://www.zillow.com/homedetails/491-S-Lincoln-St-Denver-CO-80209/130267415_zpid/,540000.0,"491 S Lincoln Street, Denver, CO 80209",491 S Lincoln Street,Denver,CO,80209,531360.0,2013.0,0.0,0.0,0.0,0.0,0.0,0.0,0.0,0.0,0.0,0.0,0.0,0.0,Washington Park West
